-- MySQL Script generated by MySQL Workbench
-- Thu Oct 27 10:27:07 2016
-- Model: New Model    Version: 1.0
SET @OLD_UNIQUE_CHECKS=@@UNIQUE_CHECKS, UNIQUE_CHECKS=0;
SET @OLD_FOREIGN_KEY_CHECKS=@@FOREIGN_KEY_CHECKS, FOREIGN_KEY_CHECKS=0;
SET @OLD_SQL_MODE=@@SQL_MODE, SQL_MODE='TRADITIONAL,ALLOW_INVALID_DATES';

-- -----------------------------------------------------
-- Schema ang13e
-- -----------------------------------------------------
DROP SCHEMA IF EXISTS `ang13e` ;
CREATE SCHEMA IF NOT EXISTS `ang13e` DEFAULT CHARACTER SET utf8 COLLATE utf8_general_ci ;
SHOW WARNINGS;
USE `ang13e` ;

-- -----------------------------------------------------
-- Table `ang13e`.`store`
-- -----------------------------------------------------
DROP TABLE IF EXISTS `ang13e`.`store` ;

SHOW WARNINGS;
CREATE TABLE IF NOT EXISTS `ang13e`.`store` (
  `str_id` INT UNSIGNED NOT NULL,
  `str_name` VARCHAR(45) NOT NULL,
  `str_street` VARCHAR(45) NOT NULL,
  `str_city` VARCHAR(45) NOT NULL,
  `str_state` CHAR NOT NULL,
  `str_zip` INT NOT NULL,
  `str_phone` BIGINT NOT NULL,
  `str_url` VARCHAR(45) NULL,
  `str_email` VARCHAR(45) NULL,
  `str_ytd_sales` DECIMAL(9,2) NOT NULL,
  PRIMARY KEY (`str_id`))
ENGINE = InnoDB;

SHOW WARNINGS;

-- -----------------------------------------------------
-- Table `ang13e`.`customer`
-- -----------------------------------------------------
DROP TABLE IF EXISTS `ang13e`.`customer` ;

SHOW WARNINGS;
CREATE TABLE IF NOT EXISTS `ang13e`.`customer` (
  `cus_id` INT UNSIGNED NOT NULL,
  `cus_lname` VARCHAR(20) NOT NULL,
  `cus_fname` VARCHAR(20) NOT NULL,
  `cus_phone` BIGINT NOT NULL,
  `cus_street` VARCHAR(30) NOT NULL,
  `cus_city` VARCHAR(20) NOT NULL,
  `cus_state` CHAR NOT NULL,
  `cus_zip` INT NOT NULL,
  `cus_email` VARCHAR(45) NOT NULL,
  `cus_url` VARCHAR(45) NULL,
  `cus_note` VARCHAR(100) NULL,
  PRIMARY KEY (`cus_id`))
ENGINE = InnoDB;

SHOW WARNINGS;

-- -----------------------------------------------------
-- Table `ang13e`.`pet`
-- -----------------------------------------------------
DROP TABLE IF EXISTS `ang13e`.`pet` ;

SHOW WARNINGS;
CREATE TABLE IF NOT EXISTS `ang13e`.`pet` (
  `pet_id` INT UNSIGNED NOT NULL,
  `str_id` INT UNSIGNED NOT NULL,
  `cus_id` INT UNSIGNED NULL,
  `pet_type` VARCHAR(45) NOT NULL,
  `pet_sex` ENUM('M', 'F') NOT NULL,
  `pet_cost` DECIMAL(9,2) NOT NULL,
  `pet_price` DECIMAL(9,2) NOT NULL,
  `pet_age` INT NOT NULL,
  `pet_color` VARCHAR(45) NOT NULL,
  `pet_sales_date` DATE NULL,
  `pet_vaccine` ENUM('Y', 'N') NOT NULL,
  `pet_neuter` ENUM('Y', 'N') NOT NULL,
  `pet_note` VARCHAR(100) NOT NULL,
  PRIMARY KEY (`pet_id`),
  INDEX `fk_pet_store_idx` (`str_id` ASC),
  INDEX `fk_pet_customer1_idx` (`cus_id` ASC),
  CONSTRAINT `fk_pet_store`
    FOREIGN KEY (`str_id`)
    REFERENCES `ang13e`.`store` (`str_id`)
    ON DELETE NO ACTION
    ON UPDATE NO ACTION,
  CONSTRAINT `fk_pet_customer1`
    FOREIGN KEY (`cus_id`)
    REFERENCES `ang13e`.`customer` (`cus_id`)
    ON DELETE NO ACTION
    ON UPDATE NO ACTION)
ENGINE = InnoDB;

SHOW WARNINGS;

SET SQL_MODE=@OLD_SQL_MODE;
SET FOREIGN_KEY_CHECKS=@OLD_FOREIGN_KEY_CHECKS;
SET UNIQUE_CHECKS=@OLD_UNIQUE_CHECKS;

-- -----------------------------------------------------
-- Data for table `ang13e`.`store`
-- -----------------------------------------------------
START TRANSACTION;
USE `ang13e`;
INSERT INTO `ang13e`.`store` (`str_id`, `str_name`, `str_street`, `str_city`, `str_state`, `str_zip`, `str_phone`, `str_url`, `str_email`, `str_ytd_sales`) VALUES (1, 'bobs', '2195', 'tallahassee', 'fl', 32304, 9542541292, 'www.bobspets.com', 'bobspets@gmail.com', 20000.00);
INSERT INTO `ang13e`.`store` (`str_id`, `str_name`, `str_street`, `str_city`, `str_state`, `str_zip`, `str_phone`, `str_url`, `str_email`, `str_ytd_sales`) VALUES (2, 'lisas', '319', 'tallahassee', 'fl', 32304, 9542469262, 'www.lisaspets.com', 'lisaspets@gmail.com', 25000.00);
INSERT INTO `ang13e`.`store` (`str_id`, `str_name`, `str_street`, `str_city`, `str_state`, `str_zip`, `str_phone`, `str_url`, `str_email`, `str_ytd_sales`) VALUES (3, 'petplus', '4912', 'tallahassee', 'fl', 32304, 9432423939, 'www.petsplus.com', 'petsplus@gmail.com', 20000.00);
INSERT INTO `ang13e`.`store` (`str_id`, `str_name`, `str_street`, `str_city`, `str_state`, `str_zip`, `str_phone`, `str_url`, `str_email`, `str_ytd_sales`) VALUES (4, 'petparadise', '3913', 'tampa', 'fl', 33042, 9341239483, 'www.petparadise.com', 'petparadise@gmail.com', 40000.00);
INSERT INTO `ang13e`.`store` (`str_id`, `str_name`, `str_street`, `str_city`, `str_state`, `str_zip`, `str_phone`, `str_url`, `str_email`, `str_ytd_sales`) VALUES (5, 'toms', '2942', 'jacksonville', 'fl', 94929, 4838294820, 'www.tomspets.com', 'tomspets@gmail.com', 30000.00);
INSERT INTO `ang13e`.`store` (`str_id`, `str_name`, `str_street`, `str_city`, `str_state`, `str_zip`, `str_phone`, `str_url`, `str_email`, `str_ytd_sales`) VALUES (6, 'alicias', '3939', 'parkland', 'fl', 39393, 3949494999, 'www.aliciapets.com', 'aliciapets@gmail.com', 70000.00);
INSERT INTO `ang13e`.`store` (`str_id`, `str_name`, `str_street`, `str_city`, `str_state`, `str_zip`, `str_phone`, `str_url`, `str_email`, `str_ytd_sales`) VALUES (7, 'ashers', '3939', 'orlando', 'fl', 39393, 4999595959, 'www.asherspets.com', 'asherspets@gmail.com', 39399.00);
INSERT INTO `ang13e`.`store` (`str_id`, `str_name`, `str_street`, `str_city`, `str_state`, `str_zip`, `str_phone`, `str_url`, `str_email`, `str_ytd_sales`) VALUES (8, 'alexis', '3393', 'boca', 'fl', 39399, 9393939393, 'www.alexispets.com', 'alexispets@gmail.com', 39993.00);
INSERT INTO `ang13e`.`store` (`str_id`, `str_name`, `str_street`, `str_city`, `str_state`, `str_zip`, `str_phone`, `str_url`, `str_email`, `str_ytd_sales`) VALUES (9, 'michaels', '3939', 'springs', 'fl', 34945, 5959595959, 'www.michaelspets.com', 'michaels@gmail.com', 29999.00);
INSERT INTO `ang13e`.`store` (`str_id`, `str_name`, `str_street`, `str_city`, `str_state`, `str_zip`, `str_phone`, `str_url`, `str_email`, `str_ytd_sales`) VALUES (10, 'nicks', '3949', 'tallahassee', 'fl', 49449, 5959595929, 'www.nickspets.com', 'nickspets@gmail.com', 34949.00);

COMMIT;


-- -----------------------------------------------------
-- Data for table `ang13e`.`customer`
-- -----------------------------------------------------
START TRANSACTION;
USE `ang13e`;
INSERT INTO `ang13e`.`customer` (`cus_id`, `cus_lname`, `cus_fname`, `cus_phone`, `cus_street`, `cus_city`, `cus_state`, `cus_zip`, `cus_email`, `cus_url`, `cus_note`) VALUES (1, 'gayda', 'alexis', 9542541292, '2919', 'tallahassee', 'fl', 32304, 'alexis@gmail.com', 'alexis.com', 'none');
INSERT INTO `ang13e`.`customer` (`cus_id`, `cus_lname`, `cus_fname`, `cus_phone`, `cus_street`, `cus_city`, `cus_state`, `cus_zip`, `cus_email`, `cus_url`, `cus_note`) VALUES (2, 'james', 'bob', 9292482819, '9383', 'tallahassee', 'fl', 49392, 'bob@gmail.com', 'bob.com', 'none');
INSERT INTO `ang13e`.`customer` (`cus_id`, `cus_lname`, `cus_fname`, `cus_phone`, `cus_street`, `cus_city`, `cus_state`, `cus_zip`, `cus_email`, `cus_url`, `cus_note`) VALUES (3, 'david', 'harry', 9294829184, '38381', 'tallahassee', 'fl', 32340, 'harry@gmail.com', 'harry@gmail.com', 'none');
INSERT INTO `ang13e`.`customer` (`cus_id`, `cus_lname`, `cus_fname`, `cus_phone`, `cus_street`, `cus_city`, `cus_state`, `cus_zip`, `cus_email`, `cus_url`, `cus_note`) VALUES (4, 'larry', 'james', 2933918394, '39103', 'tallahassee', 'fl', 38310, 'james@gmail.com', 'james.com', 'none');
INSERT INTO `ang13e`.`customer` (`cus_id`, `cus_lname`, `cus_fname`, `cus_phone`, `cus_street`, `cus_city`, `cus_state`, `cus_zip`, `cus_email`, `cus_url`, `cus_note`) VALUES (5, 'rachel', 'griffith', 3938183834, '44939', 'tallahassee', 'fl', 49310, 'rachel@gmail.com', 'rachel.com', 'none');
INSERT INTO `ang13e`.`customer` (`cus_id`, `cus_lname`, `cus_fname`, `cus_phone`, `cus_street`, `cus_city`, `cus_state`, `cus_zip`, `cus_email`, `cus_url`, `cus_note`) VALUES (6, 'asher', 'hamilton', 8505285811, '94919', 'tallahassee', 'fl', 49944, 'ahamilton@gmail.com', 'hamilton.com', 'none');
INSERT INTO `ang13e`.`customer` (`cus_id`, `cus_lname`, `cus_fname`, `cus_phone`, `cus_street`, `cus_city`, `cus_state`, `cus_zip`, `cus_email`, `cus_url`, `cus_note`) VALUES (7, 'kiffanie', 'tanner', 3840348400, '83408', 'tallahassee', 'fl', 48488, 'tanner@gmail.com', 'tanner.com', 'none');
INSERT INTO `ang13e`.`customer` (`cus_id`, `cus_lname`, `cus_fname`, `cus_phone`, `cus_street`, `cus_city`, `cus_state`, `cus_zip`, `cus_email`, `cus_url`, `cus_note`) VALUES (8, 'michael', 'vaccarezza', 3493494949, '93494', 'tallahassee', 'fl', 48282, 'mvacc@gmail.com', 'vacc.com', 'none');
INSERT INTO `ang13e`.`customer` (`cus_id`, `cus_lname`, `cus_fname`, `cus_phone`, `cus_street`, `cus_city`, `cus_state`, `cus_zip`, `cus_email`, `cus_url`, `cus_note`) VALUES (9, 'nicholas', 'vaccarezza', 9542594949, '93939', 'parkland', 'fl', 48488, 'nvacc@gmail.com', 'nickv.com', 'none');
INSERT INTO `ang13e`.`customer` (`cus_id`, `cus_lname`, `cus_fname`, `cus_phone`, `cus_street`, `cus_city`, `cus_state`, `cus_zip`, `cus_email`, `cus_url`, `cus_note`) VALUES (10, 'priscilla', 'vaccarezza', 8348484848, '48484', 'parkland', 'fl', 33067, 'pvacc@gmail.com', 'prisvacc.com', 'none');

COMMIT;


-- -----------------------------------------------------
-- Data for table `ang13e`.`pet`
-- -----------------------------------------------------
START TRANSACTION;
USE `ang13e`;
INSERT INTO `ang13e`.`pet` (`pet_id`, `str_id`, `cus_id`, `pet_type`, `pet_sex`, `pet_cost`, `pet_price`, `pet_age`, `pet_color`, `pet_sales_date`, `pet_vaccine`, `pet_neuter`, `pet_note`) VALUES (1, 1, 2, 'dog', 'F', 100.00, 300.00, 1, 'brown', '2015-06-29', 'Y', 'Y', 'none');
INSERT INTO `ang13e`.`pet` (`pet_id`, `str_id`, `cus_id`, `pet_type`, `pet_sex`, `pet_cost`, `pet_price`, `pet_age`, `pet_color`, `pet_sales_date`, `pet_vaccine`, `pet_neuter`, `pet_note`) VALUES (2, 2, 3, 'cat', 'M', 50.00, 150.00, 1, 'white', '2015-05-16', 'Y', 'Y', 'none');
INSERT INTO `ang13e`.`pet` (`pet_id`, `str_id`, `cus_id`, `pet_type`, `pet_sex`, `pet_cost`, `pet_price`, `pet_age`, `pet_color`, `pet_sales_date`, `pet_vaccine`, `pet_neuter`, `pet_note`) VALUES (3, 2, 4, 'dog', 'F', 100.00, 250.00, 2, 'tan', '2014-07-22', 'Y', 'Y', 'none');
INSERT INTO `ang13e`.`pet` (`pet_id`, `str_id`, `cus_id`, `pet_type`, `pet_sex`, `pet_cost`, `pet_price`, `pet_age`, `pet_color`, `pet_sales_date`, `pet_vaccine`, `pet_neuter`, `pet_note`) VALUES (4, 4, 1, 'cat', 'F', 75.00, 100.00, 2, 'white', '2014-05-24', 'Y', 'Y', 'none');
INSERT INTO `ang13e`.`pet` (`pet_id`, `str_id`, `cus_id`, `pet_type`, `pet_sex`, `pet_cost`, `pet_price`, `pet_age`, `pet_color`, `pet_sales_date`, `pet_vaccine`, `pet_neuter`, `pet_note`) VALUES (5, 3, 5, 'dog', 'M', 100.00, 300.00, 1, 'black', '2015-01-15', 'Y', 'Y', 'none');
INSERT INTO `ang13e`.`pet` (`pet_id`, `str_id`, `cus_id`, `pet_type`, `pet_sex`, `pet_cost`, `pet_price`, `pet_age`, `pet_color`, `pet_sales_date`, `pet_vaccine`, `pet_neuter`, `pet_note`) VALUES (6, 5, 9, 'dog', 'M', 50.00, 100.00, 1, 'tan', '2016-10-17', 'Y', 'N', 'none');
INSERT INTO `ang13e`.`pet` (`pet_id`, `str_id`, `cus_id`, `pet_type`, `pet_sex`, `pet_cost`, `pet_price`, `pet_age`, `pet_color`, `pet_sales_date`, `pet_vaccine`, `pet_neuter`, `pet_note`) VALUES (7, 8, 6, 'cat', 'F', 20.00, 100.00, 2, 'black', '2016-9-16', 'Y', 'N', 'none');
INSERT INTO `ang13e`.`pet` (`pet_id`, `str_id`, `cus_id`, `pet_type`, `pet_sex`, `pet_cost`, `pet_price`, `pet_age`, `pet_color`, `pet_sales_date`, `pet_vaccine`, `pet_neuter`, `pet_note`) VALUES (8, 6, 10, 'dog', 'M', 76.00, 90.00, 1, 'bald', '2016-7-25', 'Y', 'Y', 'none');
INSERT INTO `ang13e`.`pet` (`pet_id`, `str_id`, `cus_id`, `pet_type`, `pet_sex`, `pet_cost`, `pet_price`, `pet_age`, `pet_color`, `pet_sales_date`, `pet_vaccine`, `pet_neuter`, `pet_note`) VALUES (9, 9, 7, 'dog', 'F', 25.00, 75.00, 3, 'white', '2016-8-14', 'Y', 'N', 'none');
INSERT INTO `ang13e`.`pet` (`pet_id`, `str_id`, `cus_id`, `pet_type`, `pet_sex`, `pet_cost`, `pet_price`, `pet_age`, `pet_color`, `pet_sales_date`, `pet_vaccine`, `pet_neuter`, `pet_note`) VALUES (10, 7, 8, 'cat', 'F', 60.00, 100.00, 1, 'white', '2016-5-12', 'N', 'N', 'none');

COMMIT;

